user,location,lat,long,tweet_text,label
JerseyPete254,Somerset ct. Reservation ,6.745674799999999,-58.18377460000001,@conservmillen Put AK in a room and abortion dr in room and see who kills the baby ...,against
HarkMumphreys,,0.0,0.0,You have a vote they. Who that or burning of violence. He is a public at his vote for abortion now look. They believe you mean the way.,neutral
52York,Pennsylvania,40.9699889,-77.72788309999999,@SalenaZito Except abortion.,neutral
thetruth2o17,,0.0,0.0,@NaplesAlleycat @MichaelHill67 @Donnabailey32 @DLoesch Abortion isn‚Äôt a self choice .... duh üôÑ,against
PressedBenzos,"SouthTX, USA",0.0,0.0,"@FAKEGIRL500 ‚ÄúYOUNG MOTHER TIED &amp; FORCED TO REGURGITATE UNWANTED FETUS INTO A TOILET (DIY ABORTION GONE TERRIBLY WRONG!)

LIKE &amp; SUBSCRIBE",for
bbleepp,Florida State University üôèüèæ,30.44235995,-84.2974786717,@davidcosce @TJ_Pittinger He compared the Holocaust to abortion,neutral
VuhJJDentata,,0.0,0.0,@Nick_Thomas91 @ajplus Why is abortion disgusting? You mad that women have the same rights as you?,against
ToddHildebran,North Carolina; Florida,0.0,0.0,@AdamParkhomenko @neeratanden @ConorLambPA Way to make it sound as if abortion is what's evil? LOL,for
canadianlozza,"British Columbia, Canada",55.001251,-125.00244099999999,Why are Obianuju Ekeocha's tweets blocked?  She has a right to say what she thinks about abortion.,neutral
GoodnessBeauty,,0.0,0.0,"@pro_real_life @donnaet5 @LiveAction Read some of that convoluted letter. No, there is no ""need"" for abortion.",against
mjdriller,,0.0,0.0,@SenFeinstein How many babies must die before you ban abortion?,against
_ChillinRhodes_,"DUVAL COUNTY, FL",30.35400730000001,-81.66321090000002,Kev tweet about the abortion was actually the first tweet I saw when I logged on no lie...that‚Äôs why I responded,neutral
Hoboken1111,,0.0,0.0,"@Bencjacobs Three weeks later after Stormy Daniels produced receipts for the abortion, he had to switch rally songs.",neutral
LionTedPride,"Michigan, USA",43.6211955,-84.6824346,@TruthMaga @Happygo62185195 @FoxNews Abortion is a federal law. Do libs want sanctuary states based on saving actual lives by the thousands?,for
apipkin11,"Jacksonville, Florida",30.3321838,-81.655651,"@TopherReisner @ProgressOutlook Anti abortion/ pro birth, not pro child... the hypocrisy üí®",for
canadianlozza,"British Columbia, Canada",55.001251,-125.00244099999999,@obianuju Thank you for not giving up to speak against abortion.,against
ashleywise1308,,0.0,0.0,#InOurLifetime abortion will be accessible and there will be alternatives to decrease student debt.,against
Solange_Sonnier,Southern USA,31.9909783,-102.0712974,"@JeniZillOnley I hope there is a child, because he will really be stuck.  He tried to make Marla have an abortion.",against
GoodnessBeauty,,0.0,0.0,@pro_real_life @LiveAction So you admit then that abortion is murder?,against
josh_moore_,Kilmacthomas Waterford Ireland,52.206047,-7.4246615999999985,@emma_galvin92 But I am saying if the women wasn‚Äôt to get an abortion this child would be born and would have a life,for
RebelConnection,,0.0,0.0,@Snap_Politics Abortion is the killing fields of our time! Terrible,against
Veronic79656622,Phoenix,33.44858660000001,-112.0773456,"@Flowerstoall Well damn woman, Good work, even if you did bust my balloon! So, I'm back to an abortion...",neutral
bluedgal,Georgia,32.329380900000004,-83.1137366,@NARAL Will there be a lawsuit? Abortion is still legal.,for
NIGELTEAPOT,,0.0,0.0,"@zandook @johntward @The_Paor 4 sins that cry to Heaven for vengeance: abortion, sodomy, blasphemy, denying a man his fair wage

in order",neutral
rujimly,Somewhere Cold,0.0,0.0,"@maurbrown @ProfessorBec @NRA In fact I do, abortion is one of the worst evils of the modern age.",for
_Miss_Madison_G,Brody Gardiner üíû,0.0,0.0,Some guy thought our office was an abortion clinic... üò®,neutral
carolannross,"Florida, USA",27.7567667,-81.4639835,@funex4us If it is revealed he made Stormy Daniels have an abortion.,neutral
Maggie6873,,0.0,0.0,@RyanHoeyUK @EdwardTHardy and the women seeking abortion didn‚Äôt intend to get pregnant but sometimes shit happens,for
notmuchelse,"Austin, TX",30.2711286,-97.7436995,"@toby_dorena Nah, abortion is fine.",against
Kilsally,"Co Tyrone, N Ireland, UK",54.63536485,-7.261142574299999,@thesilvervoice Are you saying the abortion rate would be wildly different to the rest of the UK?,neutral
AlexxShortstuff,"New York, NY",40.7306458,-73.9866136,Abortion and miscarriage jokes will never be funny.,against
DoctorDeadpool,Alabama,33.258881699999996,-86.8295337,@sktrboi375 So then abortion is murder.,against
DANNK2,,0.0,0.0,@ThomasMHern 12 year old girls can have an abortion. What a screwed up world!,neutral
kippeunchim,,0.0,0.0,I just saw a sign that said ‚Äò abortion is systematic racism ‚Äò and i‚Äôm ???,against
MelissaFoersch2,,0.0,0.0,@ZeldaLackner @DavidJollyFL If they understood science they wouldn‚Äôt be against abortion.,against
Kardea,North Cackalacky,0.0,0.0,@PowerWayne @obianuju Abortion isn‚Äôt healthcare. It‚Äôs convenience-by-way-of-murder.,against
TracyCfromOhio,"Ohio, USA",40.225356899999994,-82.6881395,@AdamParkhomenko @ConorLambPA An abortion! A republican! Say it ain't so!,neutral
Yoymiskosas,usa,39.7837304,-100.4458825,@GOPChairwoman @Saccone4PA18 @realDonaldTrump This is the seat vacant by a Republican because he ASK his mistress for an Abortion.,neutral
daimbarrs,,0.0,0.0,Saying you aren't ok with abortion in the case of rape is passively condoning rape if it produces a child,against
VuhJJDentata,,0.0,0.0,"@BjBpayne32 @davekgriffith @letat_lechat @NARAL No, abortion is self defense cuz the pregnant person is also an unwilling victim.",against
_jggg,skrrt skrrt-ing on niggas,0.0,0.0,"being without baby boxes having an opinion on abortion is like australia voting for brexit ,, not their mf life n not their mf business",against
Nguyen_T_Cuong,"Massachusetts, USA",42.3788774,-72.03236600000002,@michael__1776 @sdc0911 It‚Äôs a women rights. Should there be a limit to how many times you can use abortion?,against
_jggg,skrrt skrrt-ing on niggas,0.0,0.0,I just don‚Äôt understand how a person not capable of having an abortion can have an opinion on having an abortion ? :-) explain,against
MKehoe88,"Boston, MA",42.3604823,-71.0595678,@MichaelRapaport @iamrapaport Nobody would choose you for anything. If your mama had any sense she woulda chose the abortion.,neutral
redsithis,,0.0,0.0,magas gtfo my profile that communism gay thing was a shitpost gods not real and abortion is epic,against
johnstruthers,toronto,43.653963,-79.38720699999998,Premier Ford announces huuge military parade in support of cisgender anti abortion gun rights .,for
gailfinke,Cincinnati,39.1014537,-84.5124602,"@DailyCaller @instapundit add that to all abortion, all the time... plus socialism! Sounds like a winner.",against
le_ladydi410,"Tennessee, USA",35.7730076,-86.28200809999998,"@Flowerstoall @cpujudy Everyone wants to know the answer to this one! If abortion, his base won't like it!",neutral
_GreatWhiteDope,Dagobah,48.477294,-89.201697,@SlamWatch @davidfrum I don't see abortion in there.,neutral
nelliestirs,,0.0,0.0,@thebradfordfile Women's Health code word for ABORTION,against
aacaadiaa,OSU | rjp,0.0,0.0,welcomed to cleveland by a giant billboard that said ‚ÄúABORTION IS GENOCIDE.‚Äù nice.,against
Jeanne0256,,0.0,0.0,@AdamParkhomenko @ConorLambPA Probably one of the things Stormy has on Trump.  An abortion.,neutral
perfectlyykayy,üíç,0.0,0.0,"me personally I couldn‚Äôt get an abortion, my grandma would be so disappointed in me also .",neutral
tootsie1477,,0.0,0.0,@jerad_shaw @eliza_crispin @GovMikeHuckabee @pink_lady56 I    it is nothing but free abortion.   Look up the facts.,against
Ziga_Iglic,,0.0,0.0,"@thehill He might be anti-abortion, but he is pro-corporate. Of course they endorsed him.",neutral
GC_Indivisible,"Toledo, OH",41.678675399999996,-83.51272829999998,@RVAwonk Conor Lamb had an abortion?,neutral
Coolg82,Its certainly somewhere,0.0,0.0,"@RVAwonk @Stonekettle By that argument, he's never voted for abortion.

Republicans should vote for him then.",neutral
viewsfordays,,0.0,0.0,@AdamParkhomenko Trump's record on abortion: he's all for it if it's his girlfriend or mistress.,neutral
Amossussigan,Los Angeles,34.054935,-118.244476,"@RVAwonk I'd be interested to see Trump's record on abortion - you know, he does not seem the kind of guy remembering to pull out.",neutral
BeanieJeanatjax,Earth,34.233137299999996,-102.4107493,@KellyO @realDonaldTrump This is one time he should be FOR abortion.,neutral
RadioFreeTom,"Newport, RI",41.48998270000001,-71.3137707,"Trump telling voters to take a look at Conor Lamb's record on abortion is pretty gutsy, coming from a lifelong NYC Dem who's pro-choice.",for
SpaSuzy,#PA18 üá∫üá∏,33.6434843,-117.75811780000001,Trump confusing the crowd &amp; #PA18 by asking them (several times) to look at Conor Lamb's record on Abortion...,neutral
gnwayland,"Encinitas, CA",33.0369867,-117.2919818,Take a look at @realDonaldTrump record and flip flops on abortion. Republicans vote lock stepwih Ryan so what is his complaint about Pelosi,neutral
missangeleyes,Pennsylvania,40.9699889,-77.72788309999999,@CNNPolitics He‚Äôs now speaking of some one who supports abortion.  Acts like he didn‚Äôt payb12 woman to abort his seed,neutral
xgoogleplex2,Canada,61.0666922,-107.9917071,@realDonaldTrump @StormyDaniels let‚Äôs look at your record on abortion. (Apologies to @StormyDaniels),neutral
OneAcmeMan,Unceded Musqueam Territory,0.0,0.0,"He's weak on crime... Take a look at his record on abortion.

Trump is a fear mongering.",neutral
packrackstev5,,0.0,0.0,@realDonaldTrump it's too bad you're parents didn't believe in abortion,neutral
ann_arkansas,,0.0,0.0,@DNC LADIES - you want abortion rights - why would you vote for CONOR LAMB?,against
NoirSinsei,midwest,43.411390999999995,-106.280075,@nocturnaIamy @vinny2NlCE He has a track about abortion also,neutral
BruceBraden1,,0.0,0.0,"Trump has been all over the place on abortion! Like everything, Trump says what he thinks people in room want to hear! Suckers!",neutral
ladyspat1,,0.0,0.0,"@PattyMurray ""women‚Äôs access to safe, legal abortion"" is safe for whom, the women mothers or the aborted women babies?",for
HougenJ,"Bismarck, ND",46.808327,-100.783739,Take a look at Trump's record on abortion!,neutral
euanrellie,"New York, NY",40.7306458,-73.9866136,"""He's come back on abortion, but take a look at his record"". That's a bit hypocritical, @POTUS.",neutral
Ccohen48Cohen,,0.0,0.0,@CNN This guy is a moron total abortion,neutral
Bmblbeeb,,0.0,0.0,I think we should look at trump's abortion record ... I'm guessing there's a few in his history  #msnbc,neutral
Dave_Sutor,The Pale Blue Dot,0.0,0.0,"Trump: Lamb is weak on crime, border, 2nd amendment. Take a look at his record on abortion.",for
Trumpsu98647542,USA,39.7837304,-100.4458825,@Vannejo @KaniJJackson Abortion,against
SeanMacGiollaa,Ireland,52.865196,-7.9794599,@hollieol_ @DrCollins10 @__emmabyrne Ms P.P v HSE (2014) was NOT an abortion case.,neutral
ConsCountrCultr,Manchester,53.4791301,-2.2441009,"@lastcyberpunk @MikeIona @StopFundingHate @Conservatives I don't support abortion no, but I would accept it in those circumstances.",against
JasonP_YYC,"Calgary, Ab",51.1310821,-114.0241702,@krassenstein All they care about is conservative laws and justices who will vote against abortion.   They are disciplined in this belief,against
BillElliot12,,0.0,0.0,Most people who want abortion as an option have never experienced being aborted.,for
ChrisOstrem,,0.0,0.0,"@aamaro79 @PPFA Two things can be true at once; a baby is killed when an abortion happens, abortion is legal.",for
idislikegabo,La isla de la oscuridad,0.0,0.0,Social media is full of people who are great arguments pro abortion,for
Debrah38249436,,0.0,0.0,@PatriotGeorgia Are you pro abortion?,neutral
KarenKeyLargo,"Florida, USA",27.7567667,-81.4639835,"@TaReefKnockOut That was yesterday.  It's Racist/Abortion wars today on the B3RU guys, wowza.  We need a twitter for just dog stuff.",neutral
strup2823,,0.0,0.0,@Jstein1202 The majority of Americans wouldn‚Äôt chose abortion,against
Debased_Gamer,,0.0,0.0,@KellyO @maggieNYT @realDonaldTrump Need an abortion stat then.,neutral
KarenKeyLargo,"Florida, USA",27.7567667,-81.4639835,@leesh222 @MannyM83 Abortion Twitter  Racist Twitter  nuclear war   smh,neutral
jcyordenana,Honolulululu,0.0,0.0,"@ItsMeCathi 1. Racism
2. Abortion
3. Internalized misogyny",against
EulaliaChristop,,0.0,0.0,"@MachineSqarrs @eboldy Uh-huh. If fetuses don't exist, then abortion is unnecessary because you aren't pregnant.",against
alexaa_speed,president of mars,45.2290614,0.2141696,"@Heather4amazon @NARAL actually it‚Äôs a form of slavery, not rape. denying someone an abortion is literally unconstitutional.",for
MatithyanMy,,0.0,0.0,@KenDilanianNBC @RuthMarcus What's the difference between abortion and murder? Have you ever looked up the two definitions side by side?,neutral
lastcyberpunk,"Santa Monica, CA",46.724362,-75.559685,@ConsCountrCultr @MikeIona @StopFundingHate @Conservatives So you support abortion then?,for
Thanatosyletus,"Charlestown, IN",38.45312,-85.6702407,"@MattLech @EnergyInDepth @NYCMayor ""Abortion is murder. Time to get an abortion""",against
MinnySeminole,"Tampa, FL",27.947759499999997,-82.458444,"@TJ_Pittinger I mean...I did report him for saying Cara should get an abortion because get fucking bent, but yeah",neutral
crimsonblue,"Oregon, USA",43.9792797,-120.737257,Periodic reminder that Donald Trump is the worst person in America. And he allegedly paid for an abortion for a portnstar.,neutral
NedromaToday,Algeria,28.000027199999998,2.9999825,"Pro-choice campaign calls 40,000 Irish expats home for abortion vote | guardian",for
ConsCountrCultr,Manchester,53.4791301,-2.2441009,"@lastcyberpunk @MikeIona @StopFundingHate @Conservatives No, but abortion is still wrong.",against
NotABlindTrust,United States of Awesome,34.187042,-118.53636599999999,@TalsmaGirl67 @thehill And don't forget they hate the gays as much as abortion.,against
JooooDoooo,"Pittsburgh, PA",40.4416941,-79.99008609999998,@NeilSteinberg I‚Äôd love to see some sensible voter ID laws and some legislation put in place for not funding abortion clinics,against
lustful_lucoa_,Somewhere gay,0.0,0.0,@loveablepup @mageshouta @Tobiwannabe Shut up you stupid fucking abortion,neutral
EulaliaChristop,,0.0,0.0,"@MachineSqarrs @eboldy Oh yes, like the horror of having almost everyone like you wiped out by eugenic abortion? #Iceland #Denmark",neutral
georgesydney_,,0.0,0.0,@tomyknapp is it too late for my mum to get an abortion,neutral
lastcyberpunk,"Santa Monica, CA",46.724362,-75.559685,@ConsCountrCultr @MikeIona @StopFundingHate @Conservatives Is abortion wrong in cases of rape and incest?,against
spandabelike,,0.0,0.0,@peteh6570 @Mark_E_Noonan Supporting a ban after 20 weeks is very different than supporting banning all abortion,against
EllenStroud6,"Austin, TX",30.2711286,-97.7436995,I hate abortion and I cannot say that enough. Too many people are missing from our society for me to shut up about this.,for
TopBoyTanners,Jacobs Biscuit Factory,0.0,0.0,@PesimistcM I'm anti abortion,neutral
Almightynickkk,Nirvana,43.9025136,-85.7120013,"Bucket list #47 pay a bitch 10,000$ to get an abortion",neutral
10thMtnDiv,"Texas, USA",31.8160381,-99.51209859999999,"@DLoesch @dgventers The left loves incorrect terminology. For example, they say women‚Äôs health care when they refer to abortion",against
ConsCountrCultr,Manchester,53.4791301,-2.2441009,@lastcyberpunk @MikeIona @StopFundingHate @Conservatives The truth is abortion is wrong,against
NIGELTEAPOT,,0.0,0.0,@SushiRollPhan @Martin_Long @jodiedodrill abortion kills your own child,against
foilhatt,New York,40.7306458,-73.9866136,death penalty for abortion when,neutral
niamhwal,,0.0,0.0,"Imagine, old infertile women and men are actually going out of there way to try and stop abortion in Ireland?",for
rlewis3841,"Iowa, USA",41.9216734,-93.3122705,@CoxxMikee @malissablake @cameron_kasky 66000 killed by opioids and nearly a million future classmates are killed yearly via abortion,against
keatsy2112,USA,39.7837304,-100.4458825,@deedles420 You‚Äôre right.  Let‚Äôs talk religion and abortion.,for
BLURTON3004,,0.0,0.0,@wattsjim How bout we end abortion,against
emmetmclaughlin,Belfast / Letterkenny,0.0,0.0,"@GonnermanJoshua @jeffcahill17 @Donnchadh32 No, abortion isn't allowed in Ireland. Unless the life of the woman is at stake.",against
ALuthiger,Basel,47.55810770000001,7.5878261,"@john_sipher @axios You had better been aborted, if you worry more about abortion than the bombing of starving and truly innocent children.",against
ConsCountrCultr,Manchester,53.4791301,-2.2441009,@lastcyberpunk @MikeIona @StopFundingHate @Conservatives Is abortion a good thing?,for
PesimistcM,"Kansas, USA",38.27312,-98.58218719999999,@TopBoyTanners Seriously though your guy's abortion laws are pretty terrible from what i've heard.,neutral
deny_or_defend,,0.0,0.0,"@GovMikeHuckabee @HenshallHarold Politicians are afraid to touch abortion,  it's like the 3rd rail.",against
_iTrevii,Views from the 334,43.4102619,99.6220064,Pro or against abortion?,neutral
deplorable_lela,"Denver, CO",39.7391536,-104.9847034,"@SonofLiberty357 Oh wait I did harm pple, abortion üòí",neutral
DrBanner35,Pennsylvania,40.9699889,-77.72788309999999,@evyssilverbird @Saccone4PA18 @POTUS Adult life &gt; fetal life at 9 month emergency abortion.,neutral
cassidyrwilson_,"Peterborough, Ontario",44.3048009,-78.31994959999999,"Driving behind someone with a pretty vulgar anti-abortion sticker, pull up beside them and it‚Äôs a guy. What a completely random coincidence!",neutral
EddieNSam,,0.0,0.0,@RVAwonk @realDonaldTrump Abortion is legal in this country.  Start reading.,for
Mr_Universe2017,,0.0,0.0,@mrbigdubya @ThEnemyIsUs @DLoesch Like abortion and same-sex marriage?,neutral
counterpower5,,0.0,0.0,@lxuren_holmes What is abortion?,neutral
mulronie,Citizen of the world,11.164548,-60.78463860000001,@brandongroeny I don't think anyone enjoys getting an abortion,for
lucas_leon22,,0.0,0.0,"@ASHXS314 @LeonLush Ok I don‚Äôt like abortion but yeah, he‚Äôs a shitbag for doing that I hate him even more now",neutral
Nick_Thomas91,"Pennsylvania, USA",40.9699889,-77.72788309999999,@VuhJJDentata @ajplus Yeah that‚Äôs what i said üòÇüòÇüòÇ I think abortion is disgusting so that means I think people having sex is divulging. Yep.,against
heterochromance,,0.0,0.0,@Byrn67 @michaelianblack @MomsDemand WTF does abortion have to do with guns.,neutral
KEC913,"Louisiana, USA",30.8703881,-92.007126,@amandacarpenter @ananavarro u can‚Äôt be anti abortion and pro death penalty,against
dj_finney,in front of my tv,0.0,0.0,"@ou1fanjeff And? Your tax dollars don't fund abortion, they've been made to use different funding. 
You sad pathetic little troll",against
lamarjh,,0.0,0.0,@FLGovScott Wished he had the same zeal when it comes to abortion!,neutral
kirsty12811,"Dublin City, Ireland",53.3497645,-6.2602732,"Realistically if someone wants an abortion they‚Äôre going to go to England to get it, so just be pro abortion and save a gal the trouble",against
The_Kozelek,homey,51.2249223,4.4008011,"@soledadobrien He can say literally anything except, ""I like abortion right now!"" and they will be fine.",neutral
carmeng283,,0.0,0.0,Keep America Great America must repent of her sins like: abortion,for
Voxshades,,0.0,0.0,"@Lawrence So wait a minute, does Donny &amp; Stormy have a kid, or (Evangelicals be worried) did they have an abortion?",neutral
mclevy76,,0.0,0.0,@RadioFreeTom And has probably a full punch card from the abortion clinic,neutral
BarbStellar,"California, USA",36.7014631,-118.75599740000001,@RVAwonk @Lady_Sisyphus22 Let's ask Stormy Daniels about #Trumps record on abortion.  #ImpeachTrump,neutral
frankzuber4,Pittsburgh,40.4416941,-79.99008609999998,@AdamParkhomenko Not to mention Conor isn't a politician. He has no record on abortion.,against
MerrittKelly1,behind my keyboard,0.0,0.0,@tracyjackson914 @mclarenmustang @Amy_Siskind Did she have an abortion and he'd paid her off to keep it quiet or did she have a child?,neutral
kalalayyy,"Nabunturan, Davao Region",7.6021804,125.96877920000001,No to Abortion. üö´,against
successful63,,0.0,0.0,@RawStory A child or an abortion..,neutral
POM19830311,,0.0,0.0,@Hannahmcg18 @Donnchadh32 They never ever tell me how abortion balances this up and i have asked them several times.,for
Nick_Thomas91,"Pennsylvania, USA",40.9699889,-77.72788309999999,"@VuhJJDentata @ajplus I didn‚Äôt, I said abortion is disgusting. Not women. Nice try spinning what I said though.",against
eadaoinmc26,kildare,53.15436455,-6.81841756609764,@VicNolan1 Not just about abortion #educateyourself #repealthe8th,against
anonymous6374,United States,39.7837304,-100.4458825,@Mellecon Abortion fight count me in!,against
Cty2CtyLyle,"Tennessee, USA",35.7730076,-86.28200809999998,"@PPIndKentucky Repeat as many times as you want but it's still not true.  However, you only have to state truth once: abortion is murder.",against
bigbooktom,"North Carolina, USA",35.6729639,-79.03929190000002,"@Q4NYY @karolcummins @mikes_booh Well if it comes out he had her have an abortion, we will find out how these so called evangelicals feel",neutral
KestrelArts,"Oregon, USA",43.9792797,-120.737257,"@Alyssa_Milano You know what the leading cause of death for children is in the USA?

Abortion.",against
Brimshack,Top of the World,33.3476225,-110.99646418562901,@AdamParkhomenko And let'snot forvet Trump tried to pressure Marla Maples into having an abortion.,neutral
Grammyvirgo,,0.0,0.0,@joncoopertweets @GenImpact17 My money is on an abortion.,neutral
HihnHaley,"Goose Creek, SC",32.9961038,-80.0387292,@luxurycutie @moberray It‚Äôs so rare to get pregnant on birth controle &amp; to sit there and joke about an abortion is just fucking terrible .,neutral
PardonMyCocky_,Syn‚ÄôCere & Sa‚ÄôHiira ‚ù£Ô∏è,0.0,0.0,@Tydeshaaaa Abortion üò≠I hate that movie,against
karlbahler,"Porto Alegre, Brazil",-30.0324999,-51.23037670000001,@Alyssa_Milano Agree 100%. End abortion now.,against
Tina5407,"McAllen, TX",26.2043691,-98.230082,"@brithume In every abortion, a child dies. It is not okay.",against
kedemahsensei,I from GRANDE,18.2868769,-72.0122628,How could you be for women's rights but endorse abortion? So unborn women have no rights then?,against
sandersjamey1,"Charleston, SC",32.7876012,-79.9402728,@Alyssa_Milano Abortion is #1,against
matt_schmidt11,Nebraska,41.7370229,-99.5873816,@Alyssa_Milano You mean like abortion?,neutral
MysticKnitter,Minnesota,45.98965870000001,-94.6113288,"@AdamParkhomenko @ybbkaren ""He asked the woman...to have an abortion."" Where did that informationcome from...rumor???",neutral
DDBoarman,"Georgetown, TX",30.664339,-97.66227741463408,"@ceili_dancer @PolitiBunny Abortion is a choice.

Don't let our children die from preventable causes.

#PickOne",against
TopFailures,"Male, Underground, Mom's Place",0.0,0.0,"@LupusWanderboy @loganpaulstan No. I'm anti-abortion. God is pro-post-birth-abortion, not me.",neutral
PerditionsAngel,,0.0,0.0,@MomOfAllAngels ‚ÄúWHY DO YOU HAVE A FUCKING ABORTION ON YOUR BED!?‚Äù,neutral
mlewisleary,Utopia,52.36100405,5.22899633841163,"First, I think we have to wake up to the empirical reality that left-wing culture has an extreme abortion laws.",neutral
CRKthe1st,,0.0,0.0,@joe_cressy @hartleylefton What are you smoking?  The voting process was an abortion!,neutral
RealTinkle,"been around, receipts 4 proof",0.0,0.0,"To the women I saw in a McDonald's parking lot, smoking a cigarette, while pregnant, well kudos to you for not having an #abortion",neutral
Bmore_history,"Baltimore, MD",39.2908816,-76.610759,@Cernovich Abortion was illegal in the 3rd Reich.,against
JMariakis,,0.0,0.0,@brittneybabb_ @viewfromnohwere @njstrickland18 Please try to ‚Äúschool‚Äù him in abortion... bc I know he will shut you up,neutral
WeatherOnTheFly,United States,39.7837304,-100.4458825,@Alyssa_Milano @TrumpsareNazis what about abortion. or how texting and driving kills 11 TEENS A DAY!,neutral
tinat1967,"Windsor, PA",50.521858,1.58249683698586,"@bruceL59 @DearAuntCrabby @salvato_gail @realDonaldTrump @FLOTUS Nope, pretty doubtful there was abortion involved",neutral
fukimugly,"reading, pa",40.335345,-75.9279495,"@HihnHaley @lilbittybitchhh if someone wants to have an abortion that‚Äôs their choice, move along Becky.",neutral
RealTallWolf,"Lincoln, NE",40.8,-96.667821,"If you tweet about abortion and use pictures of aborted fetus, how does that make you better than anyone else?",against
Plaidypus07,outside Moonbeam's office,0.0,0.0,@JesseKellyDC @SkidWillie Abortion is preventable.,against
RickyRayinGA,SWFL,26.5828113,-81.87632940000002,@Alyssa_Milano #1 is Abortion and it is a preventable cause...,against
hkrearden,,0.0,0.0,"@Alyssa_Milano ‚ÄúNo child should die from preventable causes.‚Äù

You mean like abortion.",against
dj_ewi,"dallas, texas",32.7762719,-96.7968559,"@RealCedricDark @drmlb These are the same people who scream about imaginary ""partial birth abortion""",for
DiogoMaioral,,0.0,0.0,"The only way that ""Jessica Jones"" could get more messed up would be if she get an abortion.",against
MlLedoux,,0.0,0.0,@AdamParkhomenko Trump can relate...his NDA w Stormy included paternity and abortion clauses. Gotta cover all possibilities,neutral
famousamosquito,,0.0,0.0,@Alyssa_Milano Abortion is a preventable cause. Are you as outspoken against it?,against
MarthaKennedy6,"Monte Vista, CO",37.5799013,-106.1485185,"@bristolren @GOP @NRA @realDonaldTrump retroactive abortion through mass shootings, war, etc. is OK.",neutral
JasonTheGhost,"Grand Island, Nebraska ",40.92427100000001,-98.338685,"If enforcing gun laws won't stop mass shootings, what makes you think anti-abortion laws will stop women from getting abortions? ü§î",for
ucantbarrage,,0.0,0.0,@krassenstein Many evangelical christians think abortion is murder. Do the math.,against
BadseedRick,,0.0,0.0,"@Alyssa_Milano You do realize abortion is a preventable cause of death that you openly support, right? #leftisthypocrisy.",against
JfKaboom,"Melbourne, FL",28.0836269,-80.6081089,@Alyssa_Milano Abortion is the number one leading cause death in children in America.,against
glezee81,,0.0,0.0,@ChrissyMarie125 @Alyssa_Milano And I'm sure abortion is the number one main cause of death among American children,against
malikanura876,,0.0,0.0,@politico if any country makes Abortion Legal then it speaks volumes for its Integrity @realDonaldTrump,for
tonyb52,Alaskan tundra...,0.0,0.0,@Bonn1eGreer @Calvegas @cmclymer Abortion is not a Constitutional right.,for
5080homebody,,0.0,0.0,"@hale_razor @Robynmonty What are you talking about, illegal immigration or abortion?",neutral
Isaiah_patriot,supporter our troopsüá∫üá∏üí™,0.0,0.0,"@adxmdriver @fallcnkingdom I'm not against gays, I'm against evilness, and the ones who support abortion.",against
chingadaabuela,,0.0,0.0,"@funder People like this, make a strong argument for abortion. This puto should have been aborted.",for
Wesley3Su,"Seattle, WA",47.6038321,-122.3300624,The Constitution gives you the right to an abortion but not to keep and bear arms.,for
jonmartin44,United States,39.7837304,-100.4458825,Wanting #PresidentTrump to fail is like wanting your mom to have an abortion when she‚Äôs pregnant with you #MAGA2018,neutral
RealityApp101,"Windsor, CT",41.8525984,-72.64370219999998,@RichardGrenell We will see how courageous these pro abortion people are on the Day of Judgement.,against
jnjkelso,"Sugar Creek, MO",38.5799219,-90.4463787,@Alyssa_Milano Abortion is the first I assume. But you support that.,neutral
kirstenjac3,,0.0,0.0,"you fucking abortion, i cannot believe how much of a bitch you are, you vile snake, i cannot fathom that you ACTUALLY HAVE FRIENDS. you self",neutral
jtinfo,,0.0,0.0,@Alyssa_Milano Abortion is preventable.,against
Neprep1973Tom,,0.0,0.0,@Alyssa_Milano Like abortion?,against
VinceGottalotta,Blue State.,15.056058800000002,120.6762877,"@Alyssa_Milano Abortion is the #1 leading cause. 

Whats number 2?",against
DDBoarman,"Georgetown, TX",30.664339,-97.66227741463408,@PolitiBunny Abortion is not preventable?,against
NumbersGuy55,U.S.A.,19.5584043,-99.0277414,"@secupp I'll take it a step further, those who oppose abortion as I do, should equally oppose the death penalty.",against
moberray,"South Carolina, USA",33.687438799999995,-80.4363743,Fuck this lil nigga im getting an abortion ‚úåüèΩ‚úåüèΩ‚úåüèΩ‚úåüèΩ,for
Bacon_Leary,"Dronfield, England",53.3006335,-1.4659753,@GordonRamsay ... it could cause an abortion?,against
johnjwyatt,San Francisco,8.444585,125.951249185475,"@Doodisgirl The $130,000 payoff is of legal interest. The NDA told her not to discuss paternity issues -that implies an abortion",for
TammieCroft,"Texas, USA",31.8160381,-99.5120986,@AdamParkhomenko Kinda! I think he just said what are we going to do? An abortion is definitely implied maybe that‚Äôs why he ignores Tiffany,neutral
flatbrok,Tennessee,35.7730076,-86.28200809999998,"@Alyssa_Milano Agreed, 3500 die everyday from abortion!",for
seasonneverends,New York | Atlanta | LexVegas,0.0,0.0,@mister_bourbon We‚Äôve got plenty of abortion clinics so he should be fine,neutral
softcloudpjm,,0.0,0.0,@HaroldIrving13 @eugenegu Says the one who gets triggered if someone even mentions the word abortion jfc,for
TheCrazySaguaro,"Chandler, AZ",33.3067132,-111.8408489,"@MollyJongFast Did Trump make Stormy get an abortion, @vp @mike_pence? How do you like that, you #FakeChristian? Eat a bag of shit.",neutral
daveinsac,,0.0,0.0,@kwilli1046 Dems are pro abortion tho.,neutral
Pateclarke69,,0.0,0.0,@Mattfobrien @molratty A woman can choose to have an abortion if she wishes here in the UK.,for
DalrympleChris,"Regina, SK
",50.44876,-104.61731,Now I‚Äôve seen it all. Some Americans are now saying children getting killed by an assault rifle is no worse than an abortion.,against
dangerdaveroger,Australia,-24.7761086,134.755,"@laureningram Oh! I read you were planning on having an abortion, that's all",neutral
anonymous6374,United States,39.7837304,-100.4458825,@RTremallo @FlorbFnarb @molratty I do not support pp. i dont suggest abortion is not killing. Keep up.,for
binger20,,0.0,0.0,@Alyssa_Milano Yeah abortion is number one,against
auiiara,hoseok appreciation,0.0,0.0,@yoonniki_99 I really hope you were a failed abortion,neutral
HoneyBadger_007,,0.0,0.0,"@Alyssa_Milano So you're saying you're against abortion?

""In 2014, an estimated 926,240 abortions took place in the United States""",neutral
5HeadShawty,,0.0,0.0,Your wcw know how much an abortion cost,neutral
B_Fence,BC ,55.001251,-125.002441,@Alyssa_Milano Is abortion number 1?,against
SpemcerA,"Joplin, MO",37.0842271,-94.513281,@Alyssa_Milano Isn't abortion 1st??? Shouldn't you be fighting for the butchering of children or something?,against
nqcowboy68,,0.0,0.0,@AdamParkhomenko @SaraJaneMaki Quite ironic given tRUmp himself most likely asked Stormy to get an abortion,neutral
CRIZZO4,,0.0,0.0,"@Alyssa_Milano WHAT???????ARE YOU SERIOUS?????? I think you better look up some real statistics like ""ABORTION"" you jackass!!",neutral
Moon115__,United States,39.7837304,-100.4458825,She must had that abortion,neutral
Flomousy,,0.0,0.0,@mrbigdubya @ThEnemyIsUs @DLoesch So this must mean you all will finally stop saying partial birth abortion and entitlements!! Woo hoooo,neutral
aamaro79,,0.0,0.0,@Sheeb10 @PPFA @CecileRichards Murder is illegal. Abortion is not. Can you please stop endorsing forced birth?,against
8123Babes,somerville tx,30.3458515,-96.5285551,@Alyssa_Milano Just curious @Alyssa_Milano how many are killed by abortion a day?,neutral
adam_kun,With the #Resistance,0.0,0.0,@DLoesch So you and other conservatives are going to shut the fuck up about abortion until you learn basic human anatomy?,for
DarthCalvin,My Virtual Bunker in Texas,0.0,0.0,"@DocThompsonShow ‚ÄúPreventable causes...‚Äù 
I wonder where abortion fits in with @Alyssa_Milano views on murder.",against
FredJohnsonf2,,0.0,0.0,@RealJayWilliams I assume this is from either an FBI wire tap source or a court document from an abortion block mail case?,neutral
Kardixon,,0.0,0.0,"@KateSwak Only the hate mongers of the left, after all a child means nothing to them. Abortion proves it",against
mikegagne,maui hawaii,20.8029568,-156.310683316022,@krassenstein They won‚Äôt care because of it being Chuck. Now the Stormy Daniels abortion will be the real test.,against
anonymous6374,United States,39.7837304,-100.4458825,@Bearded_Cynic @molratty I agree 100%. RvW states clearly states can limit but not revoke abortion rights. Limit away.,against
DeaconBleau,"Oregon, USA",43.9792797,-120.737257,@DocThompsonShow @NDH_j_m_f Abortion is the leading cause of death in children.,against
SlagOffTwits,"Ottawa, Ontario",45.421106,-75.690308,@blasphemybunny I'm honestly uncomfortable with abortion. But the arguments these people put forth absolutely repel me.,for
rjollman,,0.0,0.0,@Alyssa_Milano Um.......abortion?,against
sassysandy050,,0.0,0.0,@DocThompsonShow I wonder if she is advocating stopping abortion then???,for
anonymous6374,United States,39.7837304,-100.4458825,"@molratty BC birthed children are legal persons

Please, do you believe I am advocating for or for more abortion?

I am not",for
Anirudh_J_I,"Bengaluru South, India",6.1994135,-74.0870285,@elonmusk @CBinsights How about that Time Trump's mom decided to keep him instead of an abortion?,neutral
pgepps,"Oklahoma City, OK",35.4729886,-97.5170536,"@1renist I can't stand the Huckster, don't see a dilemma--just plain ""Any state leadership not doing this is wicked"" on abortion.",neutral
Hargurbir,,0.0,0.0,@xan_desanctis @shajeerizvi This is where abortion becomes a liberty not a right,for
CoderInCrisis,North Carolina,35.6729639,-79.03929190000002,"@BryanONolan @molratty I said this yesterday, but if you raised the abortion limit to 30 years old I might actually get on board with it.",neutral
darlaindallas,"Texas, USA",31.8160381,-99.5120986,@PattyMurray Shame on you and Planned Parenthood.  Abortion is not healthcare.,against
angelfandan,Orange County,33.750037799999994,-117.8704931,@Alyssa_Milano Abortion is also preventable. That‚Äôs the leading killer. Right Alyssa?,for
TheLearnedJDP,Texas,31.8160381,-99.5120986,@Alyssa_Milano You mean preventable causes like abortion?,against
mepright1171,"Kissimmee, FL",28.2918995,-81.4075838,@Alyssa_Milano Abortion is up there I'm sure,against
Jolis2007,,0.0,0.0,"@LilaGraceRose Amen. Most people don't know what goes on in these clinics, not unlike the abortion industry.",for
ChasedHen,,0.0,0.0,@JudithCollinsMP Looking forward to seeing you all back up the PM on abortion reform...,neutral
VuhJJDentata,,0.0,0.0,"@BjBpayne32 @davekgriffith @letat_lechat @NARAL Abortion one minute before birth is childbirth, dum dum",for
okreationz,"Owasso, OK",36.2661536,-95.8549456,@_enlightnd_ Unless you find out when you 16 weeks like I did with my oldest. Just for the record I didn‚Äôt want an abortion but sh*t happens,neutral
DertyJuu,,0.0,0.0,"I like songs with distortion, drinkin' in proportion
The doctor said my mom should have had an abortion",for
WeckerSeipke1,Detroit,42.3486635,-83.0567375,@Noahpinion The GOP is trying to reverse the USA trend by ending birth control and abortion access.,against
RDangerfield69,"Springfield, MO",37.2166779,-93.2920373,"Oh boy we‚Äôre getting on Facebook drunk. No highschool acquaintance, let me tell YOU what I think about abortion",neutral
Matt_Nowak5,"Raynham, MA",41.9487118,-71.07310079999998,"@cathyob1 @smerconish @MailOnline Can't wait to see how evangelicals justify ""Stormy's"" abortion that he paid for (made her get)",neutral
squabajelic,,0.0,0.0,The fact that so many men still think that they‚Äôre opinion on abortion matters at all blows my mind,neutral
benningtonbrew,,0.0,0.0,"@FLGovScott So 21 to vote, have an abortion, smoke cigarettes, decide their sex, and drive?   Got it",neutral
8123Babes,somerville tx,30.3458515,-96.5285551,@Alyssa_Milano Abortion?,against
SchlaflyAPUSH18,,0.0,0.0,I was deeply saddened when the #SupremeCourt legalized abortion in 1973.,neutral
spatterson2020,,0.0,0.0,@politico Ban abortion but not guns?,against
rancelet,"Lafayette, Louisiana, USA ",30.2240897,-92.0198427,@Alyssa_Milano Abortion is first!,against
win4luv,America,4.81804785,-75.6888617199333,@JeffKasky @DLoesch WTF...you are one fucked up idiot.   Go find an abortion clinic to bomb.  ASSHOLE,for
SusieMarDom,"Texas, USA",31.8160381,-99.5120986,@ItsMeCathi @TheMominatrixx One word. Abortion.,neutral
Anaximander136,,0.0,0.0,"@VuhJJDentata There are atheist men out there that disagree w/ abortion. Plus, ‚ÄúJesus men‚Äù have secular reasons to be against abortion.",against
Paul0451,New Mexico,34.5708167,-105.993007,@garner_forest They call it abortion but is murdering babies.,against
ClevelandRTL,"Cleveland, OH",41.5051613,-81.6934446,"Abortion cannot kill God, so it kills the closet thing to him, a child. -@mattwalshblog

 #BackToLife",against
ClevelandRTL,"Cleveland, OH",41.5051613,-81.6934446,"""We're not simply fighting against the Abortion industry...our fight is will fallen angels... Evil itself."" @benshapiro  #BackToLife",against
HansKarlsson14,,0.0,0.0,"@Alyssa_Milano And Abortion is number one cause of death, which is very PREVENTABLE... So where is your F‚Äôn tweet on that???",for
NCBoyd,,0.0,0.0,@Alyssa_Milano So you‚Äôre saying prevent abortion?,for
cyclinggomez,"Hockessin, DE",39.7876112,-75.6966001,@Alyssa_Milano @RevFrBobHutchis # 1 is abortion,against
angvlisa,toronto,43.653963,-79.38720699999998,I‚Äôm sitting in a room full of men as they debate about whether or not a girl should have an abortion.. none of them have a uterus...,for
NIGELTEAPOT,,0.0,0.0,"@MyGoodDame @stankonia313 @soviette666 sins that cry to Heaven for vengeance are: abortion, sodomy, blasphemy, denying a man his fair wage",neutral
Leeturanga,"North Carolina, USA",35.6729639,-79.03929190000002,"@LPontheleft I kept thinking, ""if you didn't want a kid why not get a abortion?!""",for
sciqueen,"Pittsburgh, PA",40.4416941,-79.99008609999998,"@AdamParkhomenko Conor Lamb is against abortion. Tim Murphy, staunchly anti abortion,  asked his mistress to get one. So Trumps point???",for
I_Say_Oh_My,"California, USA",36.7014631,-118.7559974,"@_meeeluh Abortion Clinic Slogan: ‚Äú You make it, we scrape it! No fetus can beat us!‚Äù",against
NIGELTEAPOT,,0.0,0.0,"@MyGoodDame @stankonia313 @soviette666 abortion is the worst sin that cries to Heaven for vengeance, meaning it is the worst sin of all",against
GaryMillrat,Proud Region Rat,0.0,0.0,@ZaackHunt God said abortion is sin  vs.  God gave Mary a choice #AJMadness2018,against
def732dan,NEW JERSEY,40.0757384,-74.4041622,"@TonyHui99 @cs0058sc @WildChild69 @AmericanGidget @TrueJackDaniel @Alisand3 LIFES BEGINS AT CONCEPTION !
ABORTION IS MURDER ! 
PERIOD !",against
RicanCrucian13,"Los Angeles, CA",34.054935,-118.244476,@JudgeJeanine @realDonaldTrump You are a drunk that has sold her integrity and morals to back this abortion called @realDonaldTrump,neutral
phillyvol5,"Cookeville, TN",36.1623886,-85.4997057,@MissaMHx @CBCKamloops Yeah an institution such as abortion. Considering 40% are of blacks now that's some institutional racism.,neutral
Thewiseonewon,My kitchen,47.4089518,8.545881,@Alyssa_Milano Abortion is number 1!  When will you stand up for the babies killed in the womb?,against
regiefarr,,0.0,0.0,"@RichardGrenell If we are going to get rid of the imperfect, let‚Äôs start with congressional liberals and call it Late Term Abortion",against
ranger_ray,"Senatobia, MS",34.6176032,-89.96870109999999,"@AP We are cheering, but sadly some abortion is still legal.",for
DingleBerry1716,,0.0,0.0,@CNN But pretty much on par with the rest of the world. Americans are savage with their abortion laws.,neutral
DaleYeah388,,0.0,0.0,@sofiewhitney @HuffPost now do abortion,neutral
StandoffTV,91 les pyramides ,48.634707299999995,2.4304307,"@benshapiro If kids are old enough to be aborted, they're old enough to have an opinion on abortion.",neutral
mourningafter45,"Lehigh Valley, PA",40.58832460000001,-75.5640246,@RodneyLiber @KyleKashuv @cameron_kasky @PPFA Still haven‚Äôt answered on the asterisk after the word abortion.,neutral
bot_silo,,0.0,0.0,"RW: On Monday, Governor Phil Bryant of Mississippi signed the nations most restrictive abortion law.",neutral
DMEMEDS,"Chicago, IL",41.8755546,-87.6244212,Shared via ABC:  Abortion impasse may shut down effort to reduce premiums,neutral
DMEMEDS,"Chicago, IL",41.8755546,-87.6244212,Shared via ABC:  Mississippi imposes 15-week abortion ban; nation's toughest,against
artyvanguard,"California, USA",36.7014631,-118.75599740000001,@phyllebo @JoYurcaba Hahaha. They changed the laws to undermine abortion??? Or to protect a woman‚Äôs baby?,against
brainylainie,Chicago/IN,14.2789562,120.973991988004,@ToddRokitaIN Oh honey. There's no such thing as an abortion lobby. Who told you that?,neutral
King_Eog1984,"newark birth me, NC raised me",0.0,0.0,Niggas get drunk n hit something bc she thick n wasn't cute n then be mad bc she won't get a abortion,for
djf510,West of Atlanta,-33.3908935,-70.556455,@Kimberly0059 And pregnant! No wonder HRC is all for abortion.,against
anglwitch2304,,0.0,0.0,"@solsukut Has been proven to lower abortion rates (banning it doesn't, just makes it more likely for mother and baby to die)",for
jimkenny62,Maryland,39.5162234,-76.9382069,"@benshapiro Actually, maybe by his logic fetus‚Äô have an opinion about abortion...",against
RoryABancroft,,0.0,0.0,@drachman56 @cameron_kasky Are there any exemptions for an abortion?,neutral
alternatewrong,"Central, PA",8.42337745,-82.42138555,@CHIZMAGA I'm not sure abortion can stop a demon from hell.,against
ToddDarby,Flavortown,0.0,0.0,How come the places with the strictest abortion laws are the places where everyone should have an abortion?,against
jphq2003,"Naperville, IL",41.7728659,-88.1478527,"@KevinGo72782777 @PhilBryantMS You‚Äôd be against abortion even if they shelled out their own money to do it, just admit that.",neutral
mullis_p,,0.0,0.0,@MelodyKRicheson @RepStevePearce @POTUS As much of a solution as abortion.,against
jlb2099,,0.0,0.0,"""Democrats support abortion; so do [married] Republicans when they need one for their girlfriend."" üòÇüíÄ",for
YOD5FED,"Calgary, Alberta",51.0534234,-114.0625892,@JessecaWhalen @NARAL So sick of trying to record accurate abortion numbers instead of going by Guttmachers biased guesses?,for
RandomlyBob,"Asheville, NC",35.600949799999995,-82.5540161,@benshapiro And fetuses are capable of having an opinion on abortion.,neutral
CHIZMAGA,"San Diego, CA",32.7174209,-117.16277140000001,"I‚Äôm fully against abortion, but I would have been completely ok with Hillary Clinton‚Äôs mom having one...

Agree?",neutral
dammed4eturdity,New York,40.7306458,-73.9866136,@GalatkStarship @OneDurrWoman @Newsweek You mean extra-late term abortion?,neutral
Reachingnewlows,"District of Columbia, USA",38.8949549,-77.03664559999999,@ABC See Mississippi this is what happens when you impose insane abortion laws.,neutral
Rolandvanking,United States of America,39.7837304,-100.4458825,"@stoddard38 You are an abortion advocate, correct?",neutral
LockTrumpUpNow,"Washington, DC",38.8949549,-77.03664559999999,@mkraju @andersoncooper She got an abortion too.......,neutral
KitsunenoYoukai,,0.0,0.0,@GarjanSterk @stevesalaita @SaraNAhmed Abortion as birth control,against
Venus_Strand,,0.0,0.0,@SpencerFernando he's an abortion fiend,neutral
Frohbaer,"Ballyba, near Chelm",0.0,0.0,@CollinsWatch #SellOutSusan sells out choice and women's right to abortion: who's surprised ?,for
CoolrobsSickKid,,0.0,0.0,@NotGaySwedz Anti abortion laws are a bad thing tbh,against
QuicksandBuddy,America 2: Do the Bartman,0.0,0.0,C'mon Illinois! Send a message to Pelosi and Schumer that we don't want anti-abortion Democrats,against
Dia13049926,,0.0,0.0,But it was ferhat who suggested the abortion !!!!#CokSevdim,neutral
PhilsEaglesND,PA,8.3096067,-81.30662459999999,@kwilli1046 They are very pro abortion...,neutral
kujakupoet,"Chesapeake Bay, USA",38.5167886,-76.38300459999999,@sahilkapur @julito77 I think the only think that could shake the evangelicals is finding out that Trump himself personally had an abortion.,neutral
JimUicker,"Westland, MI",42.32380560000001,-83.4005321,@20Sylly13 @WILLionaire317 @WTFMeqs @njgrl @AP Somebody should tell this other guy.  He seems to think abortion is murder.,against
KHaverkamp,"Yuma,AZ",32.725324900000004,-114.624397,"@AnneAnnapolis @cnnbrk Guns bad, meat bad, abortion good?? Got it...",for
elleleynxiv,cabin #3 Camp Half Blood,0.0,0.0,Divorce is ok. But abortion is never ok and it will never be.,against
_1Leech,,0.0,0.0,"@poppaolive True, but I think no matter the circumstances 15 weeks is more than enough time to get an abortion whether she was raped or not.",for
DoughBoyKT,"Indiana, USA",40.327012700000004,-86.1746933,@eturn860 @Bastianilustrat @yolo_mcswag_fos @vadimnewquist @theneedledrop Including abortion... which is what pro-life means,against
_FriendOfBen,Somewhere Living,0.0,0.0,@marshawnwisee A bleach abortion? Idk I'll have to look that up,neutral
jgpetruna,High Atop the Alleghenies,0.0,0.0,"@epicoompaloompa @SouthernKeeks No gun has ever killed anyone.

Every abortion procedure takes at least one human life.",against
AlvaradoKevo,,0.0,0.0,@Suntimes Abortion is murder.mexico has greater abortion laws then the United States lol,for
RedwoodGirl,"Temescal, Oakland, California",37.8372063,-122.25873770000001,"@itsToddDuh @ba5ketball @krassenstein ""Well at least he's not having an ABORTION!""",neutral
CowherPatrick,"Bellefonte, PA",40.9134862,-77.7737471,@benshapiro How about fetuses for abortion?,neutral
juliesCamp,So Cali,3.696064,42.877103999999996,@ResistanceFever There's gotta be an abortion in there somewhere. ü§î,neutral
itswhyimhere,,0.0,0.0,"@sofiewhitney @HuffPost Too bad babies can‚Äôt have an opinion on abortion.. if they could, do you think they‚Äôd be okay with it?",neutral
PricklyPam,"Pennsylvania, USA",40.9699889,-77.72788309999999,@LeonardGMiller3 Quote one single thing Jesus ever said about homosexuality or abortion.,for
chrissysctt53,,0.0,0.0,I see Mississippi has brought in the most harshest abortion laws of any state in the U.S,neutral
Moerae1,,0.0,0.0,"@USATODAY Good, a majority of people want greater restrictions on abortion.",for
joshraydavis,Nomad,45.5950026,-85.5150794,@benshapiro then fetuses are old enough to have an opinion on abortion?,neutral
arrjaytee,,0.0,0.0,"@benshapiro If they were capable, they would likely argue in favor of a fourth trimester abortion",neutral
thelconner,"Oxford, MS",34.366412700000005,-89.5187664,just because someone is against abortion doesn‚Äôt mean they‚Äôre pro-life,against
Raymond14212744,"Grand Falls - Windsor, NL ",48.944151,-55.652618000000004,@polishprincessh @kwilli1046 Lets pray they will ban abortion completely in JESUS name!,against
jaimecastro,"Naucalpan, Edo Mex",0.0,0.0,@EdtheSock @TIME Abortion is NOT a right,against
jeddprice,"Orlando, FL",28.5423999,-81.37943680000001,@KayaJones @NRA How can democrats be so concerned about children but love abortion?,for
AlbertMcClure7,Portland Metro ,45.51222620000001,-122.628055178487,@dmb1940m @paulsperry_ You are a poster child for abortion .,neutral
WillPrapestis,"Boston, MA",42.3604823,-71.0595678,@sam_cor13ss @BuffaloSabres Lehner is a massive abortion.,against
_Airoh,prescott,34.5402813,-112.469518,@Raubhautz @vadimnewquist Abortion is unjust killing. Self-defense is just.,neutral
FlickeredHeart,"Emma üíú|K,L,K,L,M,C",0.0,0.0,Is abortion morally acceptable when the woman‚Äôs life is not in danger due to the pregnancy?,against
GoodAndBadHabit,Wouldn't you like to know,0.0,0.0,@CHollowayy @hrhjmm @sofiewhitney @HuffPost A baby has a heartbeat at 6 weeks gestation. Abortion is murder,against
celesteangel234,,0.0,0.0,How do you abortion loving hoes go more than 5 weeks without knowing you're pregnant? Mind too occupied hoeing? What is it?,neutral
flashgo21,,0.0,0.0,@krystal_ycr @LeahNTorres Pro choice and pro abortion are not synonymous,against
snufflesdbear,FuckYou,0.0,0.0,"@ashareem Maybe it was being in operation rescue,and other anti-abortion meetings and people as a child. It's one of those memories. Sadly.",for
aliyafrancisco,,0.0,0.0,"the religious right gmfu, they wanna make it impossible to get bc or an abortion while also teaching abstinence-only programs PLS",neutral
EliuSolis,Nashville,36.1622296,-86.7743531,"BREAKING WTF NEWS: 

MISSISSIPPI IS THE FIRST STATE TO MAKE ABORTION ILLEGAL AFTER 15 WEEKS OF PREGNANCY!",against
jenaythastoner,"Chicago, IL",41.8755546,-87.6244212,Bitches get pregnant ü§∞üèΩ have a abortion get pregnant again by the same nigga an keep the  baby üë∂üèΩ like damn üòí what the other baby do ü§∑üèΩ‚Äç‚ôÇÔ∏èüòÇ,neutral
shelleyfallon,"Florida, USA",27.7567667,-81.4639835,@RogueSNRadvisor I keep thinking there‚Äôs got to be a baby or an abortion in this story...,against
PeterWaldoToo,,0.0,0.0,So the 15 week abortion threshold finally puts us in line with Europe.,against
JoeB2112,,0.0,0.0,@JamesGunn Actually I think they have the receipt from the abortion clinic.,against
joec522,,0.0,0.0,@CNN Abortion represents a devaluation of human life that rivals slavery and Jim Crow,against
JohnGarns1,"Fort Wayne, IN",41.0799898,-85.13860150000001,@opasik_chelsey @hayleyring_ Or get an abortion because it's the woman's body and it's her choice.,for
Kris65547155,"Mississippi, USA",0.0,0.0,@BBW__Princess @thehill Abortion is murder,against
WestPoint06mom,"New York, USA",40.7306458,-73.9866136,@ReneeCarrollAZ They are so precious!  Abortion is an abomination.  God help us!,against
suannelqr,"Somers, NY",41.3281498,-73.68568570000001,@Dude85632 @dovisterr @NanaTamara21 @mightyduckmike @NBCNews Nobody thinks killing babies is okay. Abortion isn't killing babies.,against
ESP_Paranormal,"Selden, NY",40.866487400000004,-73.0356625,Britney for God's sake please leave Jax even if you have to get an abortion just do it #PumpRules,for
Dude85632,Earth.....duh,0.0,0.0,@suannelqr @dovisterr @NanaTamara21 @mightyduckmike @NBCNews Abortion right up until breath is taken is absolutely murder.,against
TwittaChicca,El mundo ,-2.25,105.3,"@NRA Yes. Abortion used to be socially acceptable and ""liberals"" (aka liberal fascists, #Dems, etc.) have turned it into a ""good deed""",against
Bleachy_troller,under your bed ,0.0,0.0,@Vasil94004955 ITS NOT AN ACTUAL FUCKING CODE YOU DUMBASS ABORTION,neutral
ViralCancer,,0.0,0.0,@layla_lsm @HateFactsMatter @KellyWicker8 @HRHSTo9 @CNN You can make a secular argument against abortion but too often religion is used.,neutral
thebrkg,Around The Globe,37.9860469,23.7359163,BREAKING: Mississippi's only abortion clinic sues state after governor signs nation's most restrictive abortion law.,neutral
Smexc_,,0.0,0.0,@Ride4Black Maybe they was forced to have an abortion once upon time &amp; they jealous ü§∑üèΩ‚Äç‚ôÄÔ∏è,neutral
d_andreaaaaa,"Los Angeles, CA",34.054935,-118.244476,Who do y'all be talking about when y'all talk about abortion twitter? Or is that something y'all say to get up under people skin,neutral
blackcatsoda,Earth,34.233137299999996,-102.4107493,"@DRUDGE_REPORT Nicholas Nikolas Cruz, abortion poster child",against
Allwaysright234,,0.0,0.0,David Hogg almost makes a person believe in abortion.,neutral
mlawn64,,0.0,0.0,@RealMAGASteve I only wish this abortionist's Mother believed in abortion!,neutral
HadesNightmare_,Newnan,33.3806716,-84.79965729999999,"@benshapiro No no no, how about Fetuses (bear with me) Fetuses are capable of valuable abortion control arguments.",against
TyreByter,HONOR THEIR SACRIFICE,0.0,0.0,"@juliet_benoit don't be sad, just think of it as a ""LATE TERM ABORTION""
#gunsense",neutral
touchykeely,,0.0,0.0,@gumbydoofus is abortion too late an option at that point,neutral
KennyMACKSaidIt,,0.0,0.0,"Abortion Twitter be trying to go in on BM Twitter, üòÇ.",neutral
neilwillenson,wisconsin,44.4308975,-89.6884637,@StandlyDoRight @sofiewhitney My view of abortion is of no relevance in a discussion about reasonable gun regulations.,against
jasons50150,,0.0,0.0,"@PPact ""attacks on access to safe, legal abortion""
No. Fake news. Defund murder clinics.",for
bellacelesteX2,"California, USA",36.7014631,-118.75599740000001,"If these pro abortion nasty women can get to Planned Parenthood for an abortion, why can't they get there to get free birth control?",for
TranslatorBot2k,The Lab,40.67993679999999,-73.94356590000001,@Whycensored @RegoTJ @CNN @CREWcrew Federal Medicaid funding does NOT fund abortion. Wherever you got that idea intentionally misled you.,for
RoadbikeRon,,0.0,0.0,@sofiewhitney @HuffPost ‚ÄúNow do abortion‚Äù,neutral
KellBBlue,Colorado,38.7251776,-105.60771670000001,With all the Trump affairs going on I hope to hey-seuss that there's an abortion involved for the evangelicals.,neutral
Dude85632,Earth.....duh,0.0,0.0,@suannelqr @dovisterr @NanaTamara21 @mightyduckmike @NBCNews You have yet to explain how abortion isn‚Äôt murder. When does life start?,against
SRowe1978,North Carolina,35.6729639,-79.03929190000001,@DevinSenaUI You know about the abortion case the Supreme Court is hearing tomorrow?,neutral
WandS_Headlines,"Ontario, Canada",50.000678,-86.000977,"@TrusteeSam In some ways, we're worse than the times of Stalin. The killing is a lot more efficient end methodical (i.e., abortion) now.",against
laduckslayer,Virginia,37.1232245,-78.4927721,@sofiewhitney @HuffPost Is this the same analysis for abortion?,for
dontevereadonme,"Virginia, USA",37.1232245,-78.4927721,@JohnFromCranber 55 million dead since 1974 due to abortion doesn't help either.,against
NotGaySwedz,,0.0,0.0,Sooner or later every state except California will have anti-abortion laws. It's slowly happening!,neutral
